{
  "paper_id": "W2109502848",
  "domain": "theology",
  "text": "This paper examines the load-bearing capacity of steel railway bridges dating back to the second half of the 19th century. The analysis is prompted by a study previously published in the quarterly journal *Roads and Bridges - Drogi i Mosty*, No. 2 (2014). We argue that when verifying the structural integrity of bridges that have been in service for over a century, it is essential to account for the long-term degradation of material properties and the cumulative effects of decades of operational fatigue.",
  "ai_likelihood": 0.97314453125,
  "prediction": "Highly Likely AI",
  "llm_prediction": {
    "GPT35": 0.0155487060546875,
    "GPT4": 0.022216796875,
    "CLAUDE": 0.005474090576171875,
    "GOOGLE": 0.90673828125,
    "OPENAI_O_SERIES": 0.006011962890625,
    "DEEPSEEK": 0.0013265609741210938,
    "GROK": 0.00580596923828125,
    "NOVA": 8.887052536010742e-05,
    "OTHER": 0.007183074951171875,
    "HUMAN": 0.0298004150390625
  },
  "request_id": "1e130935-753f-47c6-b24c-d2bf34853313"
}