{
  "paper_id": "W2947991057",
  "domain": "theology",
  "text": "The dissemination of this publication by the University of \u0141\u00f3d\u017a Press was made possible through funding from the \"Scientific Excellence as a Key to Excellence in Education\" project. This initiative is supported by the European Social Fund under the Knowledge Education Development Operational Program (Grant No. POWER.03.05.00-00-Z092/17-00).",
  "ai_likelihood": 0.93408203125,
  "prediction": "Highly Likely AI",
  "llm_prediction": {
    "GPT35": 0.07440185546875,
    "GPT4": 0.007537841796875,
    "CLAUDE": 0.0706787109375,
    "GOOGLE": 0.56005859375,
    "OPENAI_O_SERIES": 0.00991058349609375,
    "DEEPSEEK": 0.0035247802734375,
    "GROK": 0.00029277801513671875,
    "NOVA": 0.008148193359375,
    "OTHER": 0.2056884765625,
    "HUMAN": 0.059814453125
  },
  "request_id": "4cd0003d-d0ad-4724-8390-efacb37db700"
}