{
  "paper_id": "W2008757215",
  "domain": "chemistry",
  "text": "Enantioselective allylation represents a cornerstone of modern organic chemistry, providing a powerful means of constructing chiral homoallylic alcohols and amines. These motifs are indispensable building blocks, frequently employed in the total synthesis of complex natural products and the development of essential pharmaceuticals.",
  "ai_likelihood": 1.0,
  "prediction": "Highly Likely AI",
  "llm_prediction": {
    "GPT35": 7.808208465576172e-06,
    "GPT4": 0.0010623931884765625,
    "CLAUDE": 0.06982421875,
    "GOOGLE": 0.9267578125,
    "OPENAI_O_SERIES": 0.00014865398406982422,
    "DEEPSEEK": 0.00033164024353027344,
    "GROK": 4.0531158447265625e-06,
    "NOVA": 3.4749507904052734e-05,
    "OTHER": 0.001613616943359375,
    "HUMAN": 7.748603820800781e-06
  },
  "request_id": "9c58bb52-0b08-4054-9107-5059e065bdd0"
}