{
  "paper_id": "W2091124462",
  "domain": "chemistry",
  "text": "Cyclic molecular scaffolds, particularly benzannulated medium-sized and macrocyclic ring (BMR) systems, represent a cornerstone of organic chemistry. These structures are integral components of a vast array of biologically significant molecules, ranging from intricate natural products to potent synthetic pharmaceuticals.",
  "ai_likelihood": 1.0,
  "prediction": "Highly Likely AI",
  "llm_prediction": {
    "GPT35": 3.4928321838378906e-05,
    "GPT4": 0.0048980712890625,
    "CLAUDE": 0.016204833984375,
    "GOOGLE": 0.974609375,
    "OPENAI_O_SERIES": 0.0003287792205810547,
    "DEEPSEEK": 0.0007824897766113281,
    "GROK": 1.055002212524414e-05,
    "NOVA": 5.561113357543945e-05,
    "OTHER": 0.0030345916748046875,
    "HUMAN": 0.0002715587615966797
  },
  "request_id": "90e9e071-48ef-4d25-9e2e-0ea337153552"
}