{
  "paper_id": "W2116873393",
  "domain": "chemistry",
  "text": "Background: Fruit from the *Hylocereus polyrhizus* and *Hylocereus undatus* species, collectively known as pitaya or dragon fruit, has seen a rapid surge in global popularity. Despite its widespread consumption, comprehensive data regarding the chemical profiles and nutritional properties of both the flesh and the peel remain notably scarce. This study aims to address these gaps by evaluating the bioactive composition and nutritional quality of these fruit components.",
  "ai_likelihood": 0.99755859375,
  "prediction": "Highly Likely AI",
  "llm_prediction": {
    "GPT35": 0.0001188516616821289,
    "GPT4": 0.00662994384765625,
    "CLAUDE": 0.0010347366333007812,
    "GOOGLE": 0.92822265625,
    "OPENAI_O_SERIES": 0.02630615234375,
    "DEEPSEEK": 0.03204345703125,
    "GROK": 9.292364120483398e-05,
    "NOVA": 1.7940998077392578e-05,
    "OTHER": 0.0002086162567138672,
    "HUMAN": 0.005344390869140625
  },
  "request_id": "2bb54a93-fa2f-4760-88f2-180017e61977"
}