{
  "paper_id": "W2134572781",
  "domain": "chemistry",
  "text": "This review explores the directed self-assembly of concave bis-monodentate ligands with square-planar metal cations to form discrete [M<sub>n</sub>L<sub>2n</sub>] coordination cages. We examine the structural principles governing the formation of these architectures, ranging from simple platonic topologies to more sophisticated molecular knots and interpenetrated dimeric frameworks.",
  "ai_likelihood": 0.8681640625,
  "prediction": "Likely AI",
  "llm_prediction": {
    "GPT35": 0.0009322166442871094,
    "GPT4": 5.525350570678711e-05,
    "CLAUDE": 0.01384735107421875,
    "GOOGLE": 0.978515625,
    "OPENAI_O_SERIES": 3.695487976074219e-05,
    "DEEPSEEK": 7.528066635131836e-05,
    "GROK": 3.2186508178710938e-06,
    "NOVA": 1.049041748046875e-05,
    "OTHER": 0.00014650821685791016,
    "HUMAN": 0.006618499755859375
  },
  "request_id": "bd7e255d-d752-479c-b352-df4e110528b2"
}