{
  "paper_id": "W4406183114",
  "domain": "chemistry",
  "text": "Skeletal editing enables atom-level modifications to molecular skeletons. This review highlights advances in single-atom insertions, deletions, and transmutations in (hetero)cyclic systems, offering a comprehensive view on cutting-edge strategies.",
  "ai_likelihood": 0.9609375,
  "prediction": "Highly Likely AI",
  "llm_prediction": {
    "GPT35": 0.00206756591796875,
    "GPT4": 0.00801849365234375,
    "CLAUDE": 0.0197906494140625,
    "GOOGLE": 0.8349609375,
    "OPENAI_O_SERIES": 0.0009136199951171875,
    "DEEPSEEK": 0.0484619140625,
    "GROK": 1.0788440704345703e-05,
    "NOVA": 0.0003960132598876953,
    "OTHER": 0.00595855712890625,
    "HUMAN": 0.07965087890625
  },
  "request_id": "f8b13c29-fc8e-4d08-a2a7-35cd5e5efd8f"
}