{
  "paper_id": "W2110320743",
  "domain": "chemistry",
  "text": "This Feature Article explores diverse classes of lipopeptides and their vital roles across multiple biomedical sectors. We examine their growing significance as potent antimicrobial and antifungal agents, their integration into innovative immunotherapies, and their increasing prevalence in personal care formulations, highlighting the unique structural properties that drive these multifaceted applications.",
  "ai_likelihood": 1.0,
  "prediction": "Highly Likely AI",
  "llm_prediction": {
    "GPT35": 0.0002753734588623047,
    "GPT4": 0.007049560546875,
    "CLAUDE": 0.031463623046875,
    "GOOGLE": 0.939453125,
    "OPENAI_O_SERIES": 0.00048351287841796875,
    "DEEPSEEK": 0.0188446044921875,
    "GROK": 6.139278411865234e-06,
    "NOVA": 0.0004086494445800781,
    "OTHER": 0.0018491744995117188,
    "HUMAN": 2.9861927032470703e-05
  },
  "request_id": "23a9eb86-b5a8-4fa4-9278-f588587f2667"
}