{
  "paper_id": "W2138682940",
  "domain": "chemistry",
  "text": "We report the development of a gold(I)-catalyzed sulfination of aryl boronic acids. This transformation operates via a novel mechanism that leverages the unique reactivity of gold(I)\u2013heteroatom bonds to generate sulfinate anions in situ. By further elaborating these intermediates, we demonstrate efficient access to aryl sulfones and sulfonamides\u2014two critical pharmacophores frequently utilized in medicinal chemistry and drug discovery.",
  "ai_likelihood": 1.0,
  "prediction": "Highly Likely AI",
  "llm_prediction": {
    "GPT35": 0.005283355712890625,
    "GPT4": 0.14990234375,
    "CLAUDE": 0.027099609375,
    "GOOGLE": 0.76904296875,
    "OPENAI_O_SERIES": 0.0013513565063476562,
    "DEEPSEEK": 0.0050811767578125,
    "GROK": 4.291534423828125e-06,
    "NOVA": 0.00011467933654785156,
    "OTHER": 0.037689208984375,
    "HUMAN": 0.0045623779296875
  },
  "request_id": "75c448f0-7ad1-4e61-a252-8103761d8444"
}