{
  "paper_id": "W4320474915",
  "domain": "theology",
  "text": "T\u00e1to \u0161t\u00fadia sk\u00fama mo\u017enosti aplik\u00e1cie teoretick\u00e9ho r\u00e1mca Haydena Whita pri anal\u00fdze historick\u00fdch narat\u00edvov Milana Stanislava \u010euricu a Franti\u0161ka Vnuka, k\u013e\u00fa\u010dov\u00fdch predstavite\u013eov slovenskej exilovej historiografie. V\u00fdskum sa zameriava na praktick\u00e9 vyu\u017eitie Whitovho konceptu tvorby historick\u00e9ho rozpr\u00e1vania, pri\u010dom pozornos\u0165 venuje najm\u00e4 v\u00fdstavbe historick\u00e9ho sujetu, \u00falohe metafory a ot\u00e1zke historickej pravdy. Pr\u00e1ca reflektuje ideologick\u00e9 poz\u00edcie historika a sk\u00fama prepojenie medzi narat\u00edvnou \u0161trukt\u00farou a ideol\u00f3giou, pri\u010dom sa dot\u00fdka aj problematiky m\u00fdtu ako \u0161pecifickej formy reprezent\u00e1cie. Historick\u00fd text interpretuje ako mor\u00e1lnu aleg\u00f3riu a analyzuje model nap\u013a\u0148ania fig\u00fary v konkr\u00e9tnom diskurze. \u0160t\u00fadia je z\u00e1rove\u0148 pokusom o verifik\u00e1ciu uveden\u00fdch teoretick\u00fdch v\u00fdchod\u00edsk na empirickej b\u00e1ze vybran\u00fdch textov \u010euricu a Vnuka.",
  "ai_likelihood": 0.95849609375,
  "prediction": "Highly Likely AI",
  "llm_prediction": {
    "GPT35": 0.0007905960083007812,
    "GPT4": 0.00142669677734375,
    "CLAUDE": 0.98974609375,
    "GOOGLE": 0.00484466552734375,
    "OPENAI_O_SERIES": 4.029273986816406e-05,
    "DEEPSEEK": 0.00016438961029052734,
    "GROK": 2.8014183044433594e-06,
    "NOVA": 6.073713302612305e-05,
    "OTHER": 0.00019562244415283203,
    "HUMAN": 0.0025424957275390625
  },
  "request_id": "77e4c5f8-c578-4bde-aaa3-d12543c2e47c"
}