{
  "paper_id": "W1530428515",
  "domain": "political_science",
  "text": "*International Higher Education* (IHE) provides evidence-based commentary and sophisticated analysis on the critical trends transforming the global academic landscape. By focusing on the challenges and opportunities facing higher education systems and institutions worldwide, the journal serves as an essential resource for stakeholders seeking to navigate the complexities of the modern international sector.",
  "ai_likelihood": 0.99755859375,
  "prediction": "Highly Likely AI",
  "llm_prediction": {
    "GPT35": 0.0004570484161376953,
    "GPT4": 0.0028095245361328125,
    "CLAUDE": 0.0179595947265625,
    "GOOGLE": 0.92529296875,
    "OPENAI_O_SERIES": 0.00225830078125,
    "DEEPSEEK": 0.0290374755859375,
    "GROK": 0.0002334117889404297,
    "NOVA": 0.0001920461654663086,
    "OTHER": 0.0196990966796875,
    "HUMAN": 0.0020198822021484375
  },
  "request_id": "7bd6b27f-10df-4efc-9801-90eec74ef427"
}