{
  "paper_id": "W2257801010",
  "domain": "political_science",
  "text": "This volume brings together a collection of essays by distinguished historians from Austria, Germany, Ukraine, Poland, and Russia, offering a rigorous examination of a frequently overlooked dimension of the First World War: the 1918 occupation of Ukraine by the Central Powers. By delving into archives and diverse national perspectives, the contributors provide a nuanced new outlook on the complex historical landscape surrounding Ukraine\u2019s fight for independence in the wake of the Great War.",
  "ai_likelihood": 0.77294921875,
  "prediction": "Likely AI",
  "llm_prediction": {
    "GPT35": 0.002719879150390625,
    "GPT4": 0.9365234375,
    "CLAUDE": 0.001682281494140625,
    "GOOGLE": 0.014801025390625,
    "OPENAI_O_SERIES": 0.00026154518127441406,
    "DEEPSEEK": 8.726119995117188e-05,
    "GROK": 5.662441253662109e-06,
    "NOVA": 3.123283386230469e-05,
    "OTHER": 0.00012743473052978516,
    "HUMAN": 0.0435791015625
  },
  "request_id": "48f75d7c-d7e2-46f3-961d-05d8643f4be0"
}