{
  "paper_id": "W1741233877",
  "domain": "theology",
  "text": "T\u00e1to teoretick\u00e1 \u0161t\u00fadia sa zaober\u00e1 vz\u0165ahom medzi rodinou a \u0161kolou v obdob\u00ed rann\u00e9ho in\u0161titucionalizovan\u00e9ho vzdel\u00e1vania, pri\u010dom sa kriticky zameriava na potenci\u00e1lne obmedzenia, ktor\u00e9 so sebou prin\u00e1\u0161a ich pr\u00edli\u0161n\u00e1 previazanos\u0165. Hlavn\u00fdm argumentom pr\u00e1ce je, \u017ee tesn\u00e9 v\u00e4zby medzi rodinou a materskou \u010di z\u00e1kladnou \u0161kolou nemusia by\u0165 za ka\u017ed\u00fdch okolnost\u00ed prospe\u0161n\u00e9. Autorka upozor\u0148uje, \u017ee pri \u00faplnej kontinuite oboch prostred\u00ed m\u00f4\u017ee die\u0165a-\u017eiak prich\u00e1dza\u0165 o \u0161pecifick\u00e9 podnety a socializa\u010dn\u00e9 sk\u00fasenosti, ktor\u00fdmi disponuje v\u00fdhradne rodina alebo \u0161kola ako samostatn\u00e1 in\u0161tit\u00facia. \u0160t\u00fadia \u010falej poukazuje na to, \u017ee snahy \u0161k\u00f4l o budovanie partnersk\u00fdch vz\u0165ahov m\u00f4\u017eu paradoxne znev\u00fdhod\u0148ova\u0165 ur\u010dit\u00e9 skupiny rodi\u010dov. V neposlednom rade text reflektuje riziko oslabenia pedagogickej auton\u00f3mie u\u010dite\u013ea, ktor\u00e1 v tak\u00fdchto \u00fazkych v\u00e4zb\u00e1ch \u010dasto str\u00e1ca svoje opodstatnenie a priestor.",
  "ai_likelihood": 0.9755859375,
  "prediction": "Highly Likely AI",
  "llm_prediction": {
    "GPT35": 0.0003705024719238281,
    "GPT4": 0.046905517578125,
    "CLAUDE": 0.8720703125,
    "GOOGLE": 0.00018739700317382812,
    "OPENAI_O_SERIES": 5.2869319915771484e-05,
    "DEEPSEEK": 0.07269287109375,
    "GROK": 2.086162567138672e-06,
    "NOVA": 8.404254913330078e-06,
    "OTHER": 9.918212890625e-05,
    "HUMAN": 0.007476806640625
  },
  "request_id": "3b92d807-f4d9-4576-8723-eb8e5e66291b"
}