{
  "paper_id": "W4386088996",
  "domain": "theology",
  "text": "V\u00fdsledky \u0159ady archeologick\u00fdch v\u00fdzkum\u016f z let 2009\u20132014 v severn\u00ed \u010d\u00e1sti pra\u017esk\u00e9ho Nov\u00e9ho M\u011bsta v\u00fdrazn\u011b roz\u0161\u00ed\u0159ily na\u0161e znalosti o nejv\u011bt\u0161\u00edm \u017eidovsk\u00e9m poh\u0159ebi\u0161ti st\u0159edov\u011bk\u00fdch \u010cech. Tato nekropole, zn\u00e1m\u00e1 jako \u017didovsk\u00e1 zahrada, slou\u017eila komunit\u011b od druh\u00e9 poloviny 13. a\u017e do konce 15. stolet\u00ed. Odborn\u00e1 aktivita v t\u00e9to lokalit\u011b byla vyvol\u00e1na p\u0159edev\u0161\u00edm rozs\u00e1hlou v\u00fdstavbou obchodn\u011b-administrativn\u00edho komplexu Quadrio v m\u00edstech, kde a\u017e do budov\u00e1n\u00ed metra v 70. letech 20. stolet\u00ed existovala hust\u00e1 m\u011bstsk\u00e1 z\u00e1stavba s ko\u0159eny v ran\u00e9m st\u0159edov\u011bku. Nov\u00e9 n\u00e1lezy, zahrnuj\u00edc\u00ed hrobov\u00e9 situace i unik\u00e1tn\u00ed soubor fragment\u016f n\u00e1hrobn\u00edch st\u00e9l, umo\u017enily p\u0159esn\u011bji vymezit severn\u00ed hranici h\u0159bitova a p\u0159isp\u011bly k pochopen\u00ed dynamick\u00e9ho v\u00fdvoje t\u00e9to historick\u00e9 s\u00eddeln\u00ed mozaiky.",
  "ai_likelihood": 1.0,
  "prediction": "Highly Likely AI",
  "llm_prediction": {
    "GPT35": 5.257129669189453e-05,
    "GPT4": 0.08392333984375,
    "CLAUDE": 0.442138671875,
    "GOOGLE": 0.006580352783203125,
    "OPENAI_O_SERIES": 0.0010423660278320312,
    "DEEPSEEK": 0.46533203125,
    "GROK": 2.3365020751953125e-05,
    "NOVA": 0.0001175999641418457,
    "OTHER": 0.00023663043975830078,
    "HUMAN": 0.0005521774291992188
  },
  "request_id": "c80e9946-9547-4727-b81f-84e5457ae621"
}