{
  "paper_id": "W1958907164",
  "domain": "political_science",
  "text": "*International Higher Education* (IHE) provides critical, expert-led analysis and commentary on the evolving trends and challenges facing global higher education. By examining the issues most relevant to systems, institutions, and stakeholders worldwide, the publication serves as a vital resource for navigating the complexities of the international academic landscape.",
  "ai_likelihood": 1.0,
  "prediction": "Highly Likely AI",
  "llm_prediction": {
    "GPT35": 0.0002467632293701172,
    "GPT4": 0.0052947998046875,
    "CLAUDE": 0.00963592529296875,
    "GOOGLE": 0.53076171875,
    "OPENAI_O_SERIES": 0.00311279296875,
    "DEEPSEEK": 0.42431640625,
    "GROK": 0.00040841102600097656,
    "NOVA": 0.0007510185241699219,
    "OTHER": 0.0252838134765625,
    "HUMAN": 0.00021600723266601562
  },
  "request_id": "141ec163-278a-4000-8e69-cf015e288263"
}