{
  "paper_id": "W2159967025",
  "domain": "political_science",
  "text": "*International Higher Education* (IHE) provides evidence-based commentary and expert analysis on the critical trends shaping the global academic landscape. By examining the evolving challenges facing systems, institutions, and stakeholders worldwide, the publication serves as a vital resource for understanding the complexities of contemporary higher education.",
  "ai_likelihood": 1.0,
  "prediction": "Highly Likely AI",
  "llm_prediction": {
    "GPT35": 1.615285873413086e-05,
    "GPT4": 0.0009965896606445312,
    "CLAUDE": 0.00443267822265625,
    "GOOGLE": 0.77783203125,
    "OPENAI_O_SERIES": 0.0005440711975097656,
    "DEEPSEEK": 0.2147216796875,
    "GROK": 0.00012230873107910156,
    "NOVA": 3.921985626220703e-05,
    "OTHER": 0.0010919570922851562,
    "HUMAN": 1.5795230865478516e-05
  },
  "request_id": "f968336d-802e-4027-bce1-0dda22898fcf"
}