{
  "paper_id": "W4247063919",
  "domain": "political_science",
  "text": "This comprehensively revised and updated edition of *International Organization* offers a rigorous introduction to the study of global institutions within the field of International Relations. Tailored specifically for students navigating this complex landscape, the text provides a foundational framework for understanding how international organizations shape global governance and policy.",
  "ai_likelihood": 1.0,
  "prediction": "Highly Likely AI",
  "llm_prediction": {
    "GPT35": 4.649162292480469e-05,
    "GPT4": 0.01438140869140625,
    "CLAUDE": 0.00247955322265625,
    "GOOGLE": 0.80517578125,
    "OPENAI_O_SERIES": 0.00368499755859375,
    "DEEPSEEK": 0.172119140625,
    "GROK": 0.0003654956817626953,
    "NOVA": 0.0001995563507080078,
    "OTHER": 0.0015630722045898438,
    "HUMAN": 1.6689300537109375e-05
  },
  "request_id": "29946dec-5f53-4de6-baff-ce98b8cee238"
}