{
  "paper_id": "W628079346",
  "domain": "political_science",
  "text": "*Tomorrow\u2019s Lawyers* explores the fundamental and irreversible shifts currently reshaping the legal landscape, offering indispensable practical guidance for those looking to build enduring careers or businesses in the field. This work serves as a definitive roadmap for the legal professionals of the future and a call to action for anyone dedicated to modernizing today\u2019s legal frameworks and justice systems.",
  "ai_likelihood": 0.83154296875,
  "prediction": "Likely AI",
  "llm_prediction": {
    "GPT35": 0.000850677490234375,
    "GPT4": 0.30810546875,
    "CLAUDE": 0.0047149658203125,
    "GOOGLE": 0.1168212890625,
    "OPENAI_O_SERIES": 0.01447296142578125,
    "DEEPSEEK": 0.26318359375,
    "GROK": 2.2411346435546875e-05,
    "NOVA": 0.0003879070281982422,
    "OTHER": 0.0010747909545898438,
    "HUMAN": 0.29052734375
  },
  "request_id": "e013807c-2765-4050-82d8-49f1ecfb1f1c"
}