{
  "paper_id": "W4319590911",
  "domain": "chemistry",
  "text": "This research explores the degradation mechanisms of 5-hydroxymethylfurfural (HMF) within alkaline electrolytes, facilitating \"indirect\" electrooxidation at exceptionally high substrate and base concentrations. By optimizing these parameters, the process achieves significantly improved atom economy, offering a more efficient pathway for the electrochemical conversion of biomass-derived compounds.",
  "ai_likelihood": 1.0,
  "prediction": "Highly Likely AI",
  "llm_prediction": {
    "GPT35": 0.01090240478515625,
    "GPT4": 0.01580810546875,
    "CLAUDE": 0.00737762451171875,
    "GOOGLE": 0.1297607421875,
    "OPENAI_O_SERIES": 0.007152557373046875,
    "DEEPSEEK": 0.00039649009704589844,
    "GROK": 0.0005769729614257812,
    "NOVA": 0.00620269775390625,
    "OTHER": 0.82177734375,
    "HUMAN": 3.534555435180664e-05
  },
  "request_id": "b3856812-f676-4d2f-880a-0c1eeabf6d5b"
}