{
  "paper_id": "W4319989229",
  "domain": "chemistry",
  "text": "In recent years, the synthesis of nanoparticles has pivoted toward green nanotechnology, driven by an urgent need for sustainable production methods. This shift is motivated by the prohibitive costs and environmental concerns associated with traditional physical and chemical synthesis techniques, necessitating the development of more efficient and eco-friendly alternatives.",
  "ai_likelihood": 1.0,
  "prediction": "Highly Likely AI",
  "llm_prediction": {
    "GPT35": 0.0008244514465332031,
    "GPT4": 0.27099609375,
    "CLAUDE": 0.0423583984375,
    "GOOGLE": 0.63623046875,
    "OPENAI_O_SERIES": 0.0133056640625,
    "DEEPSEEK": 0.00461578369140625,
    "GROK": 0.0027561187744140625,
    "NOVA": 0.003299713134765625,
    "OTHER": 0.0246734619140625,
    "HUMAN": 0.0012674331665039062
  },
  "request_id": "605ffdd0-d882-4db7-9ccf-c6f91e38e878"
}