{
  "paper_id": "W4376121155",
  "domain": "chemistry",
  "text": "Transition metal cluster complexes serve as invaluable model systems for elucidating fundamental mechanisms in surface chemistry and catalysis. To characterize their intricate geometries, researchers frequently employ gas-phase infrared action spectroscopy, a powerful technique that maps vibrational excitations through high-sensitivity mass spectrometry.",
  "ai_likelihood": 0.7070312499999999,
  "prediction": "Likely AI",
  "llm_prediction": {
    "GPT35": 3.916025161743164e-05,
    "GPT4": 0.0232696533203125,
    "CLAUDE": 0.1512451171875,
    "GOOGLE": 0.6728515625,
    "OPENAI_O_SERIES": 0.00890350341796875,
    "DEEPSEEK": 0.0160369873046875,
    "GROK": 6.616115570068359e-06,
    "NOVA": 1.8596649169921875e-05,
    "OTHER": 0.0005779266357421875,
    "HUMAN": 0.127197265625
  },
  "request_id": "1a2aa4d9-1f70-4db5-8851-b38dcff67bd6"
}