{
  "paper_id": "W2510281583",
  "domain": "theology",
  "text": "Artyku\u0142 podejmuje pr\u00f3b\u0119 pog\u0142\u0119bionej analizy struktury powi\u0105za\u0144 oraz pozycji poszczeg\u00f3lnych aktor\u00f3w zaanga\u017cowanych w realizacj\u0119 Programu Wsp\u00f3\u0142pracy Transgranicznej PL-BY-UA 2007\u20132013. Wykorzystuj\u0105c metodologi\u0119 analizy sieciowej, autor charakteryzuje system wsp\u00f3\u0142pracy przez pryzmat kluczowych wska\u017anik\u00f3w, takich jak centralno\u015b\u0107 i g\u0119sto\u015b\u0107 sieci, stopie\u0144 w\u0119z\u0142a, si\u0142a relacji oraz rozmieszczenie punkt\u00f3w krytycznych: most\u00f3w i broker\u00f3w. \n\nG\u0142\u00f3wnym celem badawczym jest odpowied\u017a na pytania o architektur\u0119 tej wsp\u00f3\u0142pracy: jaki wp\u0142yw na jej kszta\u0142t maj\u0105 instytucje publiczne i niepubliczne z r\u00f3\u017cnych pa\u0144stw i o\u015brodk\u00f3w miejskich? Autor weryfikuje, czy sie\u0107 ma charakter scentralizowany, czy te\u017c sk\u0142ada si\u0119 z rozproszonych mikrosieci i izolowanych komponent\u00f3w. Istotnym w\u0105tkiem jest r\u00f3wnie\u017c kwestia trwa\u0142o\u015bci i r\u00f3wnowagi uk\u0142adu \u2013 sprawdzenie, czy sie\u0107 jest zdominowana przez nielicznych lider\u00f3w, czy opiera si\u0119 na partnerskiej wymianie. Podsumowaniem rozwa\u017ca\u0144 jest ocena, w jakim stopniu uczestnicy programu potrafi\u0105 kreowa\u0107 i pomna\u017ca\u0107 sw\u00f3j kapita\u0142 spo\u0142eczny, rozumiany jako realna zdolno\u015b\u0107 do partycypacji w strukturach sieciowych oraz dost\u0119p do zasob\u00f3w oferowanych przez innych partner\u00f3w.",
  "ai_likelihood": 0.89501953125,
  "prediction": "Likely AI",
  "llm_prediction": {
    "GPT35": 0.00023043155670166016,
    "GPT4": 0.041900634765625,
    "CLAUDE": 0.62890625,
    "GOOGLE": 0.00696563720703125,
    "OPENAI_O_SERIES": 0.00035834312438964844,
    "DEEPSEEK": 0.234375,
    "GROK": 2.4557113647460938e-05,
    "NOVA": 7.68899917602539e-05,
    "OTHER": 0.0003063678741455078,
    "HUMAN": 0.0867919921875
  },
  "request_id": "321366ed-37fe-4e87-aee1-1bb2c31e1246"
}