paper_number,raw_likelihood,rewritten_raw_likelihood,fully_likelihood
five,1.8510553571912977e-05,0.34830729166666674,1.0
four,1.4636251661512588e-05,0.0003573629591200087,1.0
one,1.2848112318250869e-05,0.004352993435329861,0.02655029296875
three,9.285079108344186e-05,0.007150438096788195,0.07622612847222222
two,1.0199016994900174e-05,0.93896484375,1.0
